{
  "images" : [
    {
      "resizing" : {
        "mode" : "3-part-vertical",
        "center" : {
          "mode" : "tile",
          "height" : 1
        },
        "cap-insets" : {
          "top" : 4,
          "bottom" : 12
        }
      },
      "idiom" : "universal",
      "filename" : "top.png",
      "scale" : "1x"
    },
    {
      "resizing" : {
        "mode" : "3-part-vertical",
        "center" : {
          "mode" : "tile",
          "height" : 22
        },
        "cap-insets" : {
          "top" : 17,
          "bottom" : 42
        }
      },
      "idiom" : "universal",
      "filename" : "top@2x.png",
      "scale" : "2x"
    },
    {
      "resizing" : {
        "mode" : "3-part-vertical",
        "center" : {
          "mode" : "tile",
          "height" : 26
        },
        "cap-insets" : {
          "top" : 31,
          "bottom" : 85
        }
      },
      "idiom" : "universal",
      "filename" : "top@3x.png",
      "scale" : "3x"
    }
  ],
  "info" : {
    "version" : 1,
    "author" : "xcode"
  }
}